{"cameraMode":{"drawMode":0,"name":"Shaded","section":"Shading Mode"},"sceneLighting":true,"audioPlay":false,"sceneViewState":{"showFog":true,"showMaterialUpdate":false,"showSkybox":true,"showFlares":true,"showImageEffects":true,"showParticleSystems":true},"in2DMode":false,"pivot":{"x":-13.041015625,"y":-23.87146759033203,"z":44.01255416870117},"rotation":{"x":0.2461715191602707,"y":-0.21107658743858338,"z":0.055022597312927249,"w":0.944363534450531},"size":60.92086410522461,"orthographic":false}