{"cameraMode":{"drawMode":0,"name":"Shaded","section":"Shading Mode"},"sceneLighting":false,"audioPlay":false,"sceneViewState":{"showFog":true,"showMaterialUpdate":false,"showSkybox":false,"showFlares":true,"showImageEffects":true,"showParticleSystems":true},"in2DMode":false,"pivot":{"x":0.21946287155151368,"y":1.1982202529907227,"z":1.7907543182373047},"rotation":{"x":0.04238060861825943,"y":0.9518916010856628,"z":-0.26129138469696047,"w":0.1543932408094406},"size":9.548137664794922,"orthographic":false}